{"cameraMode":{"drawMode":0,"name":"Shaded","section":"Shading Mode"},"sceneLighting":false,"audioPlay":false,"sceneViewState":{"m_AlwaysRefresh":false,"showFog":true,"showSkybox":false,"showFlares":true,"showImageEffects":true,"showParticleSystems":true,"showVisualEffectGraphs":true,"m_FxEnabled":false},"in2DMode":false,"pivot":{"x":1.0499999523162842,"y":0.6600000262260437,"z":-0.35489702224731448},"rotation":{"x":0.019844241440296174,"y":0.9791693687438965,"z":-0.11895956844091416,"w":0.16334311664104463},"size":1.0140728950500489,"orthographic":false}