{"cameraMode":{"drawMode":0,"name":"Shaded","section":"Shading Mode"},"sceneLighting":true,"audioPlay":false,"sceneViewState":{"m_AlwaysRefresh":false,"showFog":true,"showSkybox":false,"showFlares":true,"showImageEffects":true,"showParticleSystems":true,"showVisualEffectGraphs":true,"m_FxEnabled":true},"in2DMode":false,"pivot":{"x":0.18998336791992188,"y":2.8500003814697267,"z":0.4501934051513672},"rotation":{"x":-0.2829531729221344,"y":0.2637421190738678,"z":-0.08124008774757385,"w":-0.9185818433761597},"size":30.310888290405275,"orthographic":false}