{"cameraMode":{"drawMode":0,"name":"Shaded","section":"Shading Mode"},"sceneLighting":false,"audioPlay":false,"sceneViewState":{"m_AlwaysRefresh":false,"showFog":true,"showSkybox":false,"showFlares":true,"showImageEffects":true,"showParticleSystems":true,"showVisualEffectGraphs":true,"m_FxEnabled":false},"in2DMode":false,"pivot":{"x":1.2231394052505494,"y":0.7959825992584229,"z":2.147998332977295},"rotation":{"x":0.23985497653484345,"y":0.3512252867221832,"z":-0.09358340501785279,"w":0.9001961946487427},"size":0.6713932752609253,"orthographic":false}