{"cameraMode":{"drawMode":0,"name":"Shaded","section":"Shading Mode"},"sceneLighting":true,"audioPlay":false,"sceneViewState":{"m_AlwaysRefresh":false,"showFog":true,"showSkybox":false,"showFlares":true,"showImageEffects":true,"showParticleSystems":true,"showVisualEffectGraphs":true,"m_FxEnabled":false},"in2DMode":false,"pivot":{"x":0.3434164524078369,"y":-1.133205533027649,"z":-0.6854972839355469},"rotation":{"x":0.0023677037097513677,"y":-0.9975911378860474,"z":-0.044024813920259479,"w":-0.05362594500184059},"size":9.19769287109375,"orthographic":false}