{"cameraMode":{"drawMode":0,"name":"Shaded","section":"Shading Mode"},"sceneLighting":false,"audioPlay":false,"sceneViewState":{"m_AlwaysRefresh":false,"showFog":true,"showSkybox":false,"showFlares":true,"showImageEffects":true,"showParticleSystems":true,"showVisualEffectGraphs":true,"m_FxEnabled":true},"in2DMode":false,"pivot":{"x":1.1050351858139039,"y":0.4409800171852112,"z":3.283480167388916},"rotation":{"x":0.19715780019760133,"y":0.4126404821872711,"z":-0.09197510033845902,"w":0.8845340013504028},"size":1.2519153356552125,"orthographic":false}